{"lr": 0.0003987975951903808, "data_time": 0.01957972049713135, "grad_norm": 50.935074424743654, "loss": 2.840086896419525, "loss_mask": 2.0641259789466857, "loss_cls": 0.7759609270095825, "time": 0.5329835081100464, "epoch": 1, "iter": 50, "memory": 18768, "step": 50}
{"lr": 0.00046559786239144975, "data_time": 0.008493170738220215, "grad_norm": 39.58599620819092, "loss": 2.740973994731903, "loss_mask": 1.9932081496715546, "loss_cls": 0.7477658516168595, "time": 0.19501359939575194, "epoch": 1, "iter": 100, "memory": 4333, "step": 100}
{"lr": 0.0005323981295925189, "data_time": 0.007987284660339355, "grad_norm": 37.7626894569397, "loss": 2.327934536933899, "loss_mask": 1.6935433983802795, "loss_cls": 0.6343911528587342, "time": 0.19624060153961181, "epoch": 1, "iter": 150, "memory": 4280, "step": 150}
{"lr": 0.0005991983967935878, "data_time": 0.007373156547546386, "grad_norm": 38.83466106414795, "loss": 2.166778117418289, "loss_mask": 1.5154720574617386, "loss_cls": 0.6513060736656189, "time": 0.1945255708694458, "epoch": 1, "iter": 200, "memory": 4877, "step": 200}
{"lr": 0.0006659986639946571, "data_time": 0.007625718116760254, "grad_norm": 28.363111009597777, "loss": 2.1119426012039186, "loss_mask": 1.529726018309593, "loss_cls": 0.5822165811061859, "time": 0.1949774932861328, "epoch": 1, "iter": 250, "memory": 2609, "step": 250}
{"lr": 0.0007327989311957265, "data_time": 0.008145174980163573, "grad_norm": 24.835497608184813, "loss": 2.094454658031464, "loss_mask": 1.5063475060462952, "loss_cls": 0.5881071525812149, "time": 0.19592942237854005, "epoch": 1, "iter": 300, "memory": 2634, "step": 300}
{"lr": 0.0007995991983967961, "data_time": 0.011650781631469726, "grad_norm": 25.321931953430177, "loss": 2.124175453186035, "loss_mask": 1.5698134458065034, "loss_cls": 0.5543620097637176, "time": 0.2016837453842163, "epoch": 1, "iter": 350, "memory": 2507, "step": 350}
{"lr": 0.0008663994655978653, "data_time": 0.010015764236450196, "grad_norm": 29.939585075378417, "loss": 2.0725304245948792, "loss_mask": 1.5092565834522247, "loss_cls": 0.5632738423347473, "time": 0.19862688064575196, "epoch": 1, "iter": 400, "memory": 2505, "step": 400}
{"coco/Crnshed_precision": 0.012, "coco/Imprinted_precision": 0.002, "coco/Mold_precision": 0.0, "coco/Mouthed_precision": 0.053, "coco/Rotting_precision": NaN, "coco/Yellow_Spotted_precision": 0.037, "coco/bbox_mAP": 0.0, "coco/bbox_mAP_50": 0.0, "coco/bbox_mAP_75": 0.0, "coco/bbox_mAP_s": 0.0, "coco/bbox_mAP_m": -1.0, "coco/bbox_mAP_l": -1.0, "coco/segm_mAP": 0.021, "coco/segm_mAP_50": 0.06, "coco/segm_mAP_75": 0.004, "coco/segm_mAP_s": 0.116, "coco/segm_mAP_m": -1.0, "coco/segm_mAP_l": -1.0, "data_time": 0.038031041622161865, "time": 1.635124146938324, "step": 1}
{"lr": 0.0009398797595190419, "data_time": 0.010314536094665528, "grad_norm": 16.683851852416993, "loss": 1.9810190773010254, "loss_mask": 1.4391710537672042, "loss_cls": 0.5418480157852172, "time": 0.20177527904510498, "epoch": 2, "iter": 455, "memory": 18511, "step": 455}
{"lr": 0.0010000000000000054, "data_time": 0.008520865440368652, "grad_norm": 18.153493185043335, "loss": 1.739201158285141, "loss_mask": 1.264351758956909, "loss_cls": 0.4748494082689285, "time": 0.1970289707183838, "epoch": 2, "iter": 505, "memory": 2529, "step": 505}
{"lr": 0.0010000000000000054, "data_time": 0.011113224029541015, "grad_norm": 18.463888502120973, "loss": 1.6974175131320954, "loss_mask": 1.2079863572120666, "loss_cls": 0.4894311499595642, "time": 0.2000608777999878, "epoch": 2, "iter": 555, "memory": 2532, "step": 555}
{"lr": 0.0010000000000000054, "data_time": 0.010542974472045899, "grad_norm": 14.750455226898193, "loss": 1.7571949028968812, "loss_mask": 1.271915815472603, "loss_cls": 0.4852790927886963, "time": 0.20154356002807616, "epoch": 2, "iter": 605, "memory": 2612, "step": 605}
{"lr": 0.0010000000000000054, "data_time": 0.01000373363494873, "grad_norm": 16.00856693267822, "loss": 1.6457716238498687, "loss_mask": 1.177333117723465, "loss_cls": 0.46843851029872896, "time": 0.1996561574935913, "epoch": 2, "iter": 655, "memory": 2636, "step": 655}
{"lr": 0.0010000000000000054, "data_time": 0.009353747367858887, "grad_norm": 12.072351531982422, "loss": 1.4580012512207032, "loss_mask": 1.029421923160553, "loss_cls": 0.4285793295502663, "time": 0.19782147884368897, "epoch": 2, "iter": 705, "memory": 2505, "step": 705}
{"lr": 0.0010000000000000054, "data_time": 0.010067896842956543, "grad_norm": 14.841615867614745, "loss": 1.689555367231369, "loss_mask": 1.220271931886673, "loss_cls": 0.4692834332585335, "time": 0.20853116035461425, "epoch": 2, "iter": 755, "memory": 2609, "step": 755}
{"lr": 0.0010000000000000054, "data_time": 0.007957496643066407, "grad_norm": 14.356512269973756, "loss": 1.6641333794593811, "loss_mask": 1.209437302350998, "loss_cls": 0.45469607681035995, "time": 0.20269009590148926, "epoch": 2, "iter": 805, "memory": 2558, "step": 805}
{"coco/Crnshed_precision": 0.005, "coco/Imprinted_precision": 0.039, "coco/Mold_precision": 0.023, "coco/Mouthed_precision": 0.126, "coco/Rotting_precision": NaN, "coco/Yellow_Spotted_precision": 0.121, "coco/bbox_mAP": 0.0, "coco/bbox_mAP_50": 0.0, "coco/bbox_mAP_75": 0.0, "coco/bbox_mAP_s": 0.0, "coco/bbox_mAP_m": -1.0, "coco/bbox_mAP_l": -1.0, "coco/segm_mAP": 0.063, "coco/segm_mAP_50": 0.192, "coco/segm_mAP_75": 0.019, "coco/segm_mAP_s": 0.186, "coco/segm_mAP_m": -1.0, "coco/segm_mAP_l": -1.0, "data_time": 0.016249344899104193, "time": 2.512676110634437, "step": 2}
{"lr": 0.0010000000000000054, "data_time": 0.013775210380554199, "grad_norm": 12.159731941223145, "loss": 1.5676937890052796, "loss_mask": 1.1415782606601714, "loss_cls": 0.4261155381798744, "time": 0.2073498010635376, "epoch": 3, "iter": 860, "memory": 27716, "step": 860}
{"lr": 0.0010000000000000054, "data_time": 0.009307303428649903, "grad_norm": 12.61126714706421, "loss": 1.415929588675499, "loss_mask": 1.0026662239432336, "loss_cls": 0.4132633727788925, "time": 0.20069350242614747, "epoch": 3, "iter": 910, "memory": 2583, "step": 910}
{"lr": 0.0010000000000000054, "data_time": 0.013842391967773437, "grad_norm": 13.871698751449586, "loss": 1.414672257900238, "loss_mask": 1.0074691361188888, "loss_cls": 0.40720311641693113, "time": 0.20867525577545165, "epoch": 3, "iter": 960, "memory": 2558, "step": 960}
{"lr": 0.0010000000000000054, "data_time": 0.008224434852600097, "grad_norm": 14.79535475730896, "loss": 1.4617479968070983, "loss_mask": 1.0482678925991058, "loss_cls": 0.4134801140427589, "time": 0.20445675373077393, "epoch": 3, "iter": 1010, "memory": 2583, "step": 1010}
{"lr": 0.0010000000000000054, "data_time": 0.009464378356933595, "grad_norm": 14.789727268218995, "loss": 1.3393899536132812, "loss_mask": 0.940529212653637, "loss_cls": 0.39886074006557465, "time": 0.21213703632354736, "epoch": 3, "iter": 1060, "memory": 2532, "step": 1060}
{"lr": 0.0010000000000000054, "data_time": 0.008170180320739746, "grad_norm": 12.385690612792969, "loss": 1.3022651064395905, "loss_mask": 0.90389504134655, "loss_cls": 0.3983700704574585, "time": 0.2150164031982422, "epoch": 3, "iter": 1110, "memory": 2584, "step": 1110}
{"lr": 0.0010000000000000054, "data_time": 0.00981043815612793, "grad_norm": 12.294689235687256, "loss": 1.2773117411136627, "loss_mask": 0.9039522117376327, "loss_cls": 0.37335952937602995, "time": 0.2097402572631836, "epoch": 3, "iter": 1160, "memory": 2534, "step": 1160}
{"lr": 0.0010000000000000054, "data_time": 0.009123287200927734, "grad_norm": 11.396641988754272, "loss": 1.2053870368003845, "loss_mask": 0.8544120264053344, "loss_cls": 0.35097500890493394, "time": 0.21280350685119628, "epoch": 3, "iter": 1210, "memory": 2504, "step": 1210}
{"coco/Crnshed_precision": 0.049, "coco/Imprinted_precision": 0.066, "coco/Mold_precision": 0.045, "coco/Mouthed_precision": 0.414, "coco/Rotting_precision": NaN, "coco/Yellow_Spotted_precision": 0.25, "coco/bbox_mAP": 0.0, "coco/bbox_mAP_50": 0.0, "coco/bbox_mAP_75": 0.0, "coco/bbox_mAP_s": 0.0,